1629065499,H,46.252418518066406
1629065499,P,992.522216796875
1629065499,T,23.63491895887587
1629065500,PM10,4.9
1629065500,PM25,9.5
1629065500,S,309.0
1629065801,H,45.60166931152344
1629065801,P,992.549072265625
1629065801,T,23.605166015625002
1629065802,PM10,5.0
1629065802,PM25,12.0
1629065802,S,311.0
1629066102,H,45.34503936767578
1629066102,P,992.423828125
1629066102,T,23.515907185872393
1629066103,PM10,4.8
1629066103,PM25,6.7
1629066103,S,308.0
1629066403,H,45.146453857421875
1629066403,P,992.2451171875
1629066403,T,23.396895412868922
1629066404,PM10,4.8
1629066404,PM25,9.3
1629066404,S,309.0
1629066704,H,45.091461181640625
1629066704,P,992.277099609375
1629066704,T,23.935167304144965
1629066705,PM10,5.5
1629066705,PM25,22.8
1629066705,S,307.0
1629067005,H,44.181026458740234
1629067005,P,992.4375
1629067005,T,22.950607198079425
1629067006,PM10,8.7
1629067006,PM25,19.9
1629067006,S,309.0
1629067306,H,43.417240142822266
1629067306,P,992.35400390625
1629067306,T,23.667396748860675
1629067308,PM10,6.9
1629067308,PM25,15.9
1629067308,S,304.0
1629067608,H,42.5220832824707
1629067608,P,992.23095703125
1629067608,T,23.518632032606337
1629067609,PM10,6.8
1629067609,PM25,15.2
1629067609,S,304.0
1629067909,H,42.781768798828125
1629067909,P,992.216552734375
1629067909,T,23.429373202853732
1629067910,PM10,6.3
1629067910,PM25,13.5
1629067910,S,304.0
1629068210,H,42.96508026123047
1629068210,P,992.40185546875
1629068210,T,23.28060848659939
1629068211,PM10,5.8
1629068211,PM25,11.1
1629068211,S,305.0
1629068511,H,41.950767517089844
1629068511,P,992.240966796875
1629068511,T,23.131849704318576
1629068512,PM10,6.0
1629068512,PM25,9.0
1629068512,S,304.0
1629068812,H,41.962989807128906
1629068812,P,992.154541015625
1629068812,T,23.22110260009766
1629068813,PM10,5.9
1629068813,PM25,11.9
1629068813,S,303.0
1629069113,H,42.18907165527344
1629069113,P,992.182373046875
1629069113,T,22.923579101562503
1629069114,PM10,5.9
1629069114,PM25,11.1
1629069114,S,303.0
1629069415,H,41.633033752441406
1629069415,P,992.190185546875
1629069415,T,23.103456217447913
1629069416,PM10,5.4
1629069416,PM25,9.8
1629069416,S,300.0
1629069716,H,41.617759704589844
1629069716,P,992.052734375
1629069716,T,22.715308498806422
1629069717,PM10,5.2
1629069717,PM25,10.2
1629069717,S,299.0
1629070017,H,43.576107025146484
1629070017,P,992.008056640625
1629070017,T,22.77481438530816
1629070018,PM10,5.4
1629070018,PM25,11.0
1629070018,S,302.0
1629070318,H,44.272682189941406
1629070318,P,992.007080078125
1629070318,T,22.745061442057292
1629070319,PM10,5.4
1629070319,PM25,9.8
1629070319,S,299.0
1629070619,H,44.8531608581543
1629070619,P,991.87353515625
1629070619,T,22.565184326171874
1629070620,PM10,5.4
1629070620,PM25,10.0
1629070620,S,302.0
1629070920,H,45.02119445800781
1629070920,P,991.828857421875
1629070920,T,22.684196099175345
1629070921,PM10,5.4
1629070921,PM25,9.8
1629070921,S,301.0
1629071221,H,46.40211868286133
1629071221,P,991.754638671875
1629071221,T,23.07234381781684
1629071222,PM10,5.4
1629071222,PM25,11.7
1629071222,S,301.0
1629071523,H,45.96828842163086
1629071523,P,991.767822265625
1629071523,T,22.563824869791667
1629071524,PM10,5.2
1629071524,PM25,10.4
1629071524,S,305.0
1629071824,H,46.33795928955078
1629071824,P,991.89404296875
1629071824,T,22.951966654459632
1629071825,PM10,5.6
1629071825,PM25,11.0
1629071825,S,303.0
1629072125,H,46.65875244140625
1629072125,P,992.0
1629072125,T,22.653077765570746
1629072126,PM10,5.6
1629072126,PM25,13.0
1629072126,S,306.0
1629072426,H,47.6944465637207
1629072426,P,991.952880859375
1629072426,T,23.100731370713973
1629072427,PM10,5.1
1629072427,PM25,8.4
1629072427,S,304.0
1629072727,H,47.126190185546875
1629072727,P,991.88623046875
1629072727,T,22.74233659532335
1629072728,PM10,5.2
1629072728,PM25,10.6
1629072728,S,304.0
1629073028,H,47.560020446777344
1629073028,P,991.960205078125
1629073028,T,22.950607198079425
1629073029,PM10,5.5
1629073029,PM25,10.2
1629073029,S,306.0
1629073330,H,47.50808334350586
1629073330,P,991.947021484375
1629073330,T,22.891101311577692
1629073331,PM10,5.2
1629073331,PM25,10.1
1629073331,S,308.0
1629073631,H,48.09772491455078
1629073631,P,991.96875
1629073631,T,23.100731370713973
1629073632,PM10,5.3
1629073632,PM25,9.7
1629073632,S,306.0
1629073932,H,48.015235900878906
1629073932,P,991.85986328125
1629073932,T,23.129124857584635
1629073933,PM10,5.2
1629073933,PM25,9.5
1629073933,S,308.0
1629074233,H,48.09467315673828
1629074233,P,991.912109375
1629074233,T,22.891101311577692
1629074234,PM10,5.3
1629074234,PM25,8.7
1629074234,S,309.0
1629074534,H,48.1466064453125
1629074534,P,991.92138671875
1629074534,T,23.010113084581164
1629074535,PM10,4.5
1629074535,PM25,7.4
1629074535,S,308.0
1629074835,H,48.696533203125
1629074835,P,991.868896484375
1629074835,T,22.980360141330294
1629074836,PM10,4.7
1629074836,PM25,9.9
1629074836,S,311.0
1629075136,H,48.82179641723633
1629075137,P,991.89208984375
1629075137,T,22.91948886447483
1629075138,PM10,4.6
1629075138,PM25,8.2
1629075138,S,311.0
1629075438,H,49.02037811279297
1629075438,P,991.8349609375
1629075438,T,23.099371914333766
1629075439,PM10,5.2
1629075439,PM25,8.5
1629075439,S,312.0
1629075739,H,48.782081604003906
1629075739,P,991.8212890625
1629075739,T,23.33738952636719
1629075740,PM10,4.7
1629075740,PM25,9.7
1629075740,S,312.0
1629076040,H,49.47865295410156
1629076040,P,991.848876953125
1629076040,T,23.24813069661458
1629076041,PM10,4.8
1629076041,PM25,11.3
1629076041,S,314.0
1629076341,H,49.050933837890625
1629076341,P,992.05078125
1629076341,T,23.218377753363715
1629076342,PM10,4.8
1629076342,PM25,8.3
1629076342,S,313.0
1629076642,H,49.3564453125
1629076642,P,992.155029296875
1629076642,T,23.24813069661458
1629076643,PM10,5.0
1629076643,PM25,8.5
1629076643,S,312.0
1629076943,H,49.600860595703125
1629076943,P,992.108154296875
1629076943,T,22.68010586208767
1629076944,PM10,4.8
1629076944,PM25,8.8
1629076944,S,312.0
1629077245,H,49.61919021606445
1629077245,P,992.149169921875
1629077245,T,23.396895412868922
1629077246,PM10,4.7
1629077246,PM25,10.5
1629077246,S,316.0
1629078750,H,50.22716522216797
1629078750,P,992.1474609375
1629078750,T,23.33738952636719
1629078751,PM10,4.6
1629078751,PM25,6.6
1629078751,S,314.0
1629079052,H,50.55712127685547
1629079052,P,992.118408203125
1629079052,T,23.45640129937066
1629079053,PM10,4.5
1629079053,PM25,8.4
1629079053,S,314.0
1629078148,H,51.143707275390625
1629078148,P,992.09423828125
1629078148,T,23.24813069661458
1629078149,PM10,4.6
1629078149,PM25,9.1
1629078149,S,315.0
1629078449,H,50.54184341430664
1629078449,P,992.174072265625
1629078449,T,23.24813069661458
1629078450,PM10,4.6
1629078450,PM25,7.8
1629078450,S,317.0
1629077546,H,49.96747589111328
1629077546,P,992.149169921875
1629077546,T,23.099371914333766
1629077547,PM10,4.9
1629077547,PM25,8.8
1629077547,S,316.0
1629077847,H,49.930816650390625
1629077847,P,992.1142578125
1629077847,T,23.726902635362414
1629077848,PM10,4.7
1629077848,PM25,7.7
1629077848,S,315.0
1629078750,H,50.22716522216797
1629078750,P,992.1474609375
1629078750,T,23.33738952636719
1629078751,PM10,4.6
1629078751,PM25,6.6
1629078751,S,314.0
1629079052,H,50.55712127685547
1629079052,P,992.118408203125
1629079052,T,23.45640129937066
1629079053,PM10,4.5
1629079053,PM25,8.4
1629079053,S,314.0
1629078148,H,51.143707275390625
1629078148,P,992.09423828125
1629078148,T,23.24813069661458
1629078149,PM10,4.6
1629078149,PM25,9.1
1629078149,S,315.0
1629078449,H,50.54184341430664
1629078449,P,992.174072265625
1629078449,T,23.24813069661458
1629078450,PM10,4.6
1629078450,PM25,7.8
1629078450,S,317.0
1629078750,H,50.22716522216797
1629078750,P,992.1474609375
1629078750,T,23.33738952636719
1629078751,PM10,4.6
1629078751,PM25,6.6
1629078751,S,314.0
1629079052,H,50.55712127685547
1629079052,P,992.118408203125
1629079052,T,23.45640129937066
1629079053,PM10,4.5
1629079053,PM25,8.4
1629079053,S,314.0
1629080557,H,50.38297653198242
1629080557,P,992.259521484375
1629080557,T,23.24813069661458
1629080558,PM10,4.0
1629080558,PM25,6.4
1629080558,S,317.0
1629080858,H,50.07135009765625
1629080859,P,992.2275390625
1629080859,T,23.515907185872393
1629080860,PM10,4.2
1629080860,PM25,6.8
1629080860,S,316.0
1629079955,H,50.199668884277344
1629079955,P,992.08154296875
1629079955,T,23.06825358072917
1629079956,PM10,4.2
1629079956,PM25,7.7
1629079956,S,316.0
1629080256,H,52.69877624511719
1629080256,P,992.131591796875
1629080256,T,23.63491895887587
1629080257,PM10,4.4
1629080257,PM25,6.9
1629080257,S,317.0
1629080557,H,50.38297653198242
1629080557,P,992.259521484375
1629080557,T,23.24813069661458
1629080558,PM10,4.0
1629080558,PM25,6.4
1629080558,S,317.0
1629080858,H,50.07135009765625
1629080859,P,992.2275390625
1629080859,T,23.515907185872393
1629080860,PM10,4.2
1629080860,PM25,6.8
1629080860,S,316.0
1629082364,H,51.580596923828125
1629082364,P,992.0712890625
1629082364,T,23.06825358072917
1629082365,PM10,4.4
1629082365,PM25,8.3
1629082365,S,318.0
1629082665,H,51.525604248046875
1629082665,P,992.0390625
1629082665,T,23.00874769422743
1629082666,PM10,4.2
1629082666,PM25,7.6
1629082666,S,318.0
1629083569,H,51.119266510009766
1629083569,P,992.00537109375
1629083569,T,23.486154242621527
1629083570,PM10,4.2
1629083570,PM25,7.6
1629083570,S,316.0
1629083870,H,51.26591491699219
1629083870,P,991.953125
1629083870,T,23.575413072374133
1629083871,PM10,4.6
1629083871,PM25,8.5
1629083871,S,314.0
1629082967,H,51.38812255859375
1629082967,P,992.055419921875
1629082967,T,23.515907185872393
1629082968,PM10,4.1
1629082968,PM25,6.5
1629082968,S,318.0
1629083268,H,51.27507781982422
1629083268,P,992.031982421875
1629083268,T,23.515907185872393
1629083269,PM10,4.6
1629083269,PM25,9.4
1629083269,S,316.0
1629083569,H,51.119266510009766
1629083569,P,992.00537109375
1629083569,T,23.486154242621527
1629083570,PM10,4.2
1629083570,PM25,7.6
1629083570,S,316.0
1629083870,H,51.26591491699219
1629083870,P,991.953125
1629083870,T,23.575413072374133
1629083871,PM10,4.6
1629083871,PM25,8.5
1629083871,S,314.0
1629084773,H,51.45227813720703
1629084773,P,991.8447265625
1629084773,T,23.18726535373264
1629084774,PM10,4.3
1629084774,PM25,8.5
1629084774,S,313.0
1629085075,H,51.71501922607422
1629085075,P,991.77978515625
1629085075,T,23.515907185872393
1629085076,PM10,4.6
1629085076,PM25,6.8
1629085076,S,314.0
1629086580,H,51.81278610229492
1629086580,P,991.571044921875
1629086580,T,23.21701829698351
1629086581,PM10,4.1
1629086581,PM25,6.1
1629086581,S,312.0
1629086881,H,52.49102783203125
1629086881,P,991.533935546875
1629086881,T,22.888376464843752
1629086883,PM10,4.2
1629086883,PM25,7.3
1629086883,S,310.0
1629087183,H,52.42687225341797
1629087183,P,991.580322265625
1629087183,T,23.63491895887587
1629087184,PM10,4.1
1629087184,PM25,6.4
1629087184,S,311.0
1629087484,H,51.61114501953125
1629087484,P,991.551513671875
1629087484,T,23.306277126736113
1629087485,PM10,4.2
1629087485,PM25,6.4
1629087485,S,310.0
1629088387,H,51.204811096191406
1629088387,P,991.52685546875
1629088387,T,23.395535956488715
1629088388,PM10,4.0
1629088388,PM25,7.0
1629088388,S,309.0
1629088688,H,51.53782272338867
1629088688,P,991.47216796875
1629088688,T,23.575413072374133
1629088690,PM10,4.1
1629088690,PM25,4.8
1629088690,S,312.0
1629089592,H,52.06330871582031
1629089592,P,991.40673828125
1629089592,T,23.545660129123263
1629089593,PM10,4.1
1629089593,PM25,6.9
1629089593,S,312.0
1629089893,H,52.53990936279297
1629089893,P,991.400390625
1629089893,T,23.575413072374133
1629089894,PM10,4.5
1629089894,PM25,7.6
1629089894,S,311.0
1629090194,H,52.01136779785156
1629090194,P,991.504638671875
1629090194,T,23.545660129123263
1629090195,PM10,4.2
1629090195,PM25,7.7
1629090195,S,312.0
1629090580,H,50.65793991088867
1629090580,P,991.454345703125
1629090580,T,23.990588887532553
1629090581,PM10,3.9
1629090581,PM25,6.4
1629090581,S,309.0
1629091351,H,50.6854362487793
1629091351,P,991.57861328125
1629091351,T,24.73576599121094
1629091352,PM10,4.2
1629091352,PM25,7.0
1629091352,S,310.0
1629091736,H,50.18133544921875
1629091736,P,991.58984375
1629091736,T,24.73576599121094
1629091737,PM10,4.4
1629091737,PM25,6.8
1629091737,S,312.0
1629090965,H,49.909427642822266
1629090965,P,991.526611328125
1629090965,T,24.70601304796007
1629090966,PM10,4.2
1629090966,PM25,6.5
1629090966,S,309.0
1629092122,H,51.088714599609375
1629092122,P,991.660888671875
1629092122,T,24.496382988823786
1629092123,PM10,4.2
1629092123,PM25,7.4
1629092123,S,312.0
1629091351,H,50.6854362487793
1629091351,P,991.57861328125
1629091351,T,24.73576599121094
1629091352,PM10,4.2
1629091352,PM25,7.0
1629091352,S,310.0
1629091736,H,50.18133544921875
1629091736,P,991.58984375
1629091736,T,24.73576599121094
1629091737,PM10,4.4
1629091737,PM25,6.8
1629091737,S,312.0
1629092122,H,51.088714599609375
1629092122,P,991.660888671875
1629092122,T,24.496382988823786
1629092123,PM10,4.2
1629092123,PM25,7.4
1629092123,S,312.0
1629093665,H,50.3554801940918
1629093665,P,991.81982421875
1629093665,T,24.85477776421441
1629093666,PM10,4.2
1629093666,PM25,5.7
1629093666,S,311.0
1629094051,H,50.587669372558594
1629094051,P,991.85546875
1629094051,T,24.7641594780816
1629094052,PM10,4.1
1629094052,PM25,7.1
1629094052,S,312.0
1629093279,H,50.6732177734375
1629093279,P,991.746337890625
1629093279,T,24.496382988823786
1629093280,PM10,4.1
1629093280,PM25,6.4
1629093280,S,311.0
1629093665,H,50.3554801940918
1629093665,P,991.81982421875
1629093665,T,24.85477776421441
1629093666,PM10,4.2
1629093666,PM25,5.7
1629093666,S,311.0
1629094051,H,50.587669372558594
1629094051,P,991.85546875
1629094051,T,24.7641594780816
1629094052,PM10,4.1
1629094052,PM25,7.1
1629094052,S,312.0
1629095592,H,50.08662796020508
1629095592,P,991.97998046875
1629095592,T,24.82502482096354
1629095593,PM10,4.0
1629095593,PM25,6.8
1629095593,S,313.0
1629095977,H,50.755706787109375
1629095977,P,992.008056640625
1629095977,T,24.555888875325522
1629095978,PM10,4.4
1629095978,PM25,7.4
1629095978,S,315.0
1629094821,H,50.66404724121094
1629094821,P,991.8896484375
1629094821,T,24.526135932074652
1629094822,PM10,4.0
1629094822,PM25,6.1
1629094822,S,312.0
1629095206,H,50.88401794433594
1629095206,P,991.9404296875
1629095206,T,24.256999986436632
1629095207,PM10,4.2
1629095207,PM25,7.5
1629095207,S,314.0
1629094436,H,51.43394470214844
1629094436,P,991.843017578125
1629094436,T,25.063048366970484
1629094437,PM10,4.1
1629094437,PM25,8.1
1629094437,S,311.0
1629095592,H,50.08662796020508
1629095592,P,991.97998046875
1629095592,T,24.82502482096354
1629095593,PM10,4.0
1629095593,PM25,6.8
1629095593,S,313.0
1629095977,H,50.755706787109375
1629095977,P,992.008056640625
1629095977,T,24.555888875325522
1629095978,PM10,4.4
1629095978,PM25,7.4
1629095978,S,315.0
1629096363,H,50.73737335205078
1629096363,P,992.042236328125
1629096363,T,24.61539476182726
1629096364,PM10,4.5
1629096364,PM25,7.7
1629096364,S,315.0
1629094821,H,50.66404724121094
1629094821,P,991.8896484375
1629094821,T,24.526135932074652
1629094822,PM10,4.0
1629094822,PM25,6.1
1629094822,S,312.0
1629095206,H,50.88401794433594
1629095206,P,991.9404296875
1629095206,T,24.256999986436632
1629095207,PM10,4.2
1629095207,PM25,7.5
1629095207,S,314.0
1629097905,H,51.18647766113281
1629097905,P,992.1318359375
1629097905,T,24.793912421332465
1629097906,PM10,4.2
1629097906,PM25,5.8
1629097906,S,317.0
1629098290,H,51.21092224121094
1629098290,P,992.15966796875
1629098290,T,24.43551764594184
1629098291,PM10,3.9
1629098291,PM25,6.9
1629098291,S,318.0
1629097519,H,50.76181411743164
1629097519,P,992.11962890625
1629097519,T,24.526135932074652
1629097520,PM10,3.9
1629097520,PM25,6.1
1629097520,S,317.0
1629095592,H,50.08662796020508
1629095592,P,991.97998046875
1629095592,T,24.82502482096354
1629095593,PM10,4.0
1629095593,PM25,6.8
1629095593,S,313.0
1629095977,H,50.755706787109375
1629095977,P,992.008056640625
1629095977,T,24.555888875325522
1629095978,PM10,4.4
1629095978,PM25,7.4
1629095978,S,315.0
1629096363,H,50.73737335205078
1629096363,P,992.042236328125
1629096363,T,24.61539476182726
1629096364,PM10,4.5
1629096364,PM25,7.7
1629096364,S,315.0
1629097905,H,51.18647766113281
1629097905,P,992.1318359375
1629097905,T,24.793912421332465
1629097906,PM10,4.2
1629097906,PM25,5.8
1629097906,S,317.0
1629098290,H,51.21092224121094
1629098290,P,992.15966796875
1629098290,T,24.43551764594184
1629098291,PM10,3.9
1629098291,PM25,6.9
1629098291,S,318.0
1629097519,H,50.76181411743164
1629097519,P,992.11962890625
1629097519,T,24.526135932074652
1629097520,PM10,3.9
1629097520,PM25,6.1
1629097520,S,317.0
1629097905,H,51.18647766113281
1629097905,P,992.1318359375
1629097905,T,24.793912421332465
1629097906,PM10,4.2
1629097906,PM25,5.8
1629097906,S,317.0
1629098290,H,51.21092224121094
1629098290,P,992.15966796875
1629098290,T,24.43551764594184
1629098291,PM10,3.9
1629098291,PM25,6.9
1629098291,S,318.0
1629099832,H,51.75779342651367
1629099832,P,992.19677734375
1629099832,T,24.883171251085074
1629099833,PM10,3.7
1629099833,PM25,5.7
1629099833,S,316.0
1629100218,H,51.60503387451172
1629100218,P,992.256591796875
1629100218,T,25.091441853841147
1629100219,PM10,4.3
1629100219,PM25,7.8
1629100219,S,318.0
1629100603,H,51.10093688964844
1629100603,P,992.23095703125
1629100603,T,25.150947740342886
1629100604,PM10,4.2
1629100604,PM25,7.6
1629100604,S,318.0
1629100989,H,51.394229888916016
1629100989,P,992.2197265625
1629100989,T,25.388965352376303
1629100990,PM10,4.5
1629100990,PM25,7.1
1629100990,S,319.0
1629101374,H,51.07344055175781
1629101374,P,992.214111328125
1629101374,T,25.14958234998915
1629101375,PM10,3.9
1629101375,PM25,9.7
1629101375,S,319.0
1629102145,H,51.43394470214844
1629102145,P,992.0732421875
1629102145,T,26.163895399305556
1629102146,PM10,5.6
1629102146,PM25,13.4
1629102146,S,310.0
1629102531,H,51.66002655029297
1629102531,P,992.10546875
1629102531,T,25.805506557888457
1629102532,PM10,6.1
1629102532,PM25,23.9
1629102532,S,307.0
1629103302,H,51.37895202636719
1629103302,P,992.13720703125
1629103302,T,25.74600067138672
1629103303,PM10,5.5
1629103303,PM25,16.0
1629103303,S,313.0
1629103688,H,51.632530212402344
1629103688,P,992.03662109375
1629103688,T,25.655376451280382
1629103689,PM10,5.8
1629103689,PM25,14.3
1629103689,S,314.0
1629102916,H,52.06636047363281
1629102916,P,992.13623046875
1629102916,T,25.894759453667536
1629102917,PM10,5.8
1629102917,PM25,16.2
1629102917,S,310.0
1629103302,H,51.37895202636719
1629103302,P,992.13720703125
1629103302,T,25.74600067138672
1629103303,PM10,5.5
1629103303,PM25,16.0
1629103303,S,313.0
1629103688,H,51.632530212402344
1629103688,P,992.03662109375
1629103688,T,25.655376451280382
1629103689,PM10,5.8
1629103689,PM25,14.3
1629103689,S,314.0
1629104459,H,51.59587097167969
1629104459,P,991.925537109375
1629104459,T,25.566117621527777
1629104460,PM10,5.0
1629104460,PM25,11.6
1629104460,S,313.0
1629104845,H,51.57142639160156
1629104845,P,991.956298828125
1629104845,T,25.804141167534723
1629104846,PM10,5.4
1629104846,PM25,10.2
1629104846,S,314.0
1629106386,H,52.02664566040039
1629106386,P,991.737060546875
1629106386,T,25.447111782497828
1629106387,PM10,7.6
1629106387,PM25,17.7
1629106387,S,321.0
1629106772,H,51.51032638549805
1629106772,P,991.69384765625
1629106772,T,25.417358839246962
1629106773,PM10,7.8
1629106773,PM25,25.7
1629106773,S,322.0
1629105616,H,51.53171157836914
1629105616,P,991.8583984375
1629105616,T,25.566117621527777
1629105617,PM10,8.3
1629105617,PM25,24.6
1629105617,S,320.0
1629106001,H,51.87694549560547
1629106001,P,991.838134765625
1629106001,T,25.447111782497828
1629106002,PM10,7.6
1629106002,PM25,21.3
1629106002,S,320.0
1629105230,H,51.794456481933594
1629105230,P,991.86767578125
1629105230,T,25.625623508029513
1629105231,PM10,7.3
1629105231,PM25,25.1
1629105231,S,319.0
1629106386,H,52.02664566040039
1629106386,P,991.737060546875
1629106386,T,25.447111782497828
1629106387,PM10,7.6
1629106387,PM25,17.7
1629106387,S,321.0
1629106772,H,51.51032638549805
1629106772,P,991.69384765625
1629106772,T,25.417358839246962
1629106773,PM10,7.8
1629106773,PM25,25.7
1629106773,S,322.0
1629105616,H,51.53171157836914
1629105616,P,991.8583984375
1629105616,T,25.566117621527777
1629105617,PM10,8.3
1629105617,PM25,24.6
1629105617,S,320.0
1629106001,H,51.87694549560547
1629106001,P,991.838134765625
1629106001,T,25.447111782497828
1629106002,PM10,7.6
1629106002,PM25,21.3
1629106002,S,320.0
1629106386,H,52.02664566040039
1629106386,P,991.737060546875
1629106386,T,25.447111782497828
1629106387,PM10,7.6
1629106387,PM25,17.7
1629106387,S,321.0
1629106772,H,51.51032638549805
1629106772,P,991.69384765625
1629106772,T,25.417358839246962
1629106773,PM10,7.8
1629106773,PM25,25.7
1629106773,S,322.0
1629108314,H,51.143707275390625
1629108314,P,991.38330078125
1629108314,T,25.506617668999567
1629108315,PM10,5.9
1629108315,PM25,13.0
1629108315,S,321.0
1629108699,H,50.96039962768555
1629108699,P,991.36376953125
1629108699,T,25.656741841634116
1629108700,PM10,6.1
1629108700,PM25,10.6
1629108700,S,323.0
1629109085,H,51.60809326171875
1629109085,P,991.32373046875
1629109085,T,25.447111782497828
1629109086,PM10,6.3
1629109086,PM25,12.2
1629109086,S,321.0
1629110627,H,46.82984161376953
1629110627,P,990.923583984375
1629110627,T,25.210453626844618
1629110629,PM10,6.2
1629110629,PM25,14.9
1629110629,S,315.0
1629109856,H,49.280067443847656
1629109856,P,991.138916015625
1629109856,T,25.26859412299262
1629109857,PM10,6.2
1629109857,PM25,14.0
1629109857,S,317.0
1629110242,H,48.03662109375
1629110242,P,991.02685546875
1629110242,T,25.806866014268664
1629110243,PM10,6.2
1629110243,PM25,14.4
1629110243,S,316.0
1629109470,H,50.309654235839844
1629109470,P,991.33935546875
1629109470,T,25.566117621527777
1629109471,PM10,6.4
1629109471,PM25,16.3
1629109471,S,321.0
1629110627,H,46.82984161376953
1629110627,P,990.923583984375
1629110627,T,25.210453626844618
1629110629,PM10,6.2
1629110629,PM25,14.9
1629110629,S,315.0
1629111785,H,45.07007598876953
1629111785,P,990.384033203125
1629111785,T,25.211813083224826
1629111786,PM10,5.7
1629111786,PM25,11.9
1629111786,S,310.0
1629112170,H,44.56291961669922
1629112170,P,990.28759765625
1629112170,T,25.03329542371962
1629112171,PM10,5.4
1629112171,PM25,10.7
1629112171,S,310.0
1629111013,H,45.98967361450195
1629111013,P,990.803466796875
1629111013,T,24.703294135199652
1629111014,PM10,6.1
1629111014,PM25,12.7
1629111014,S,313.0
1629111399,H,45.99884033203125
1629111399,P,990.5810546875
1629111399,T,25.092801310221354
1629111400,PM10,6.9
1629111400,PM25,13.9
1629111400,S,311.0
1629111785,H,45.07007598876953
1629111785,P,990.384033203125
1629111785,T,25.211813083224826
1629111786,PM10,5.7
1629111786,PM25,11.9
1629111786,S,310.0
1629112170,H,44.56291961669922
1629112170,P,990.28759765625
1629112170,T,25.03329542371962
1629112171,PM10,5.4
1629112171,PM25,10.7
1629112171,S,310.0
1629112942,H,43.86940002441406
1629112942,P,989.836669921875
1629112942,T,24.884530707465277
1629112943,PM10,5.4
1629112943,PM25,9.1
1629112943,S,307.0
1629113328,H,43.582218170166016
1629113328,P,989.797607421875
1629113328,T,24.70601304796007
1629113329,PM10,5.3
1629113329,PM25,9.9
1629113329,S,305.0
1629112556,H,43.70442199707031
1629112556,P,990.08251953125
1629112556,T,24.944036593967013
1629112557,PM10,5.3
1629112557,PM25,9.7
1629112557,S,308.0
1629112942,H,43.86940002441406
1629112942,P,989.836669921875
1629112942,T,24.884530707465277
1629112943,PM10,5.4
1629112943,PM25,9.1
1629112943,S,307.0
1629113328,H,43.582218170166016
1629113328,P,989.797607421875
1629113328,T,24.70601304796007
1629113329,PM10,5.3
1629113329,PM25,9.9
1629113329,S,305.0
1629113714,H,43.47834396362305
1629113714,P,989.711669921875
1629113714,T,24.97514899359809
1629113715,PM10,5.6
1629113715,PM25,9.6
1629113715,S,304.0
1629115256,H,43.38363265991211
1629115256,P,989.259033203125
1629115256,T,24.58700720893012
1629115257,PM10,5.4
1629115257,PM25,9.9
1629115257,S,303.0
1629115641,H,44.79511260986328
1629115641,P,989.05908203125
1629115641,T,24.43687710232205
1629115642,PM10,5.5
1629115642,PM25,8.8
1629115642,S,302.0
1629116027,H,45.40003204345703
1629116027,P,988.7431640625
1629116027,T,24.73576599121094
1629116028,PM10,5.5
1629116028,PM25,9.3
1629116028,S,304.0
1629117183,H,48.09772491455078
1629117183,P,988.45361328125
1629117183,T,25.150947740342886
1629117184,PM10,5.2
1629117184,PM25,7.0
1629117184,S,305.0
1629117569,H,48.2535400390625
1629117569,P,988.37451171875
1629117569,T,25.209088236490885
1629117570,PM10,5.6
1629117570,PM25,10.0
1629117570,S,305.0
1629116412,H,45.476409912109375
1629116412,P,988.7255859375
1629116412,T,24.734406534830732
1629116413,PM10,5.4
1629116413,PM25,8.2
1629116413,S,305.0
1629116798,H,47.74943923950195
1629116798,P,988.585693359375
1629116798,T,25.30107191297743
1629116799,PM10,5.3
1629116799,PM25,8.2
1629116799,S,305.0
1629117183,H,48.09772491455078
1629117183,P,988.45361328125
1629117183,T,25.150947740342886
1629117184,PM10,5.2
1629117184,PM25,7.0
1629117184,S,305.0
1629117569,H,48.2535400390625
1629117569,P,988.37451171875
1629117569,T,25.209088236490885
1629117570,PM10,5.6
1629117570,PM25,10.0
1629117570,S,305.0
1629118341,H,48.5743293762207
1629118341,P,988.215087890625
1629118341,T,24.9413176812066
1629118342,PM10,6.2
1629118342,PM25,9.0
1629118342,S,309.0
1629118727,H,48.665985107421875
1629118727,P,988.10791015625
1629118727,T,25.00081763373481
1629118728,PM10,5.9
1629118728,PM25,11.4
1629118728,S,312.0
1629120269,H,49.335060119628906
1629120269,P,987.7802734375
1629120269,T,25.030570576985674
1629120270,PM10,5.9
1629120270,PM25,9.5
1629120270,S,332.0
1629119498,H,49.047874450683594
1629119498,P,987.96728515625
1629119498,T,25.150947740342886
1629119499,PM10,6.3
1629119499,PM25,11.8
1629119499,S,327.0
1629119884,H,49.19452667236328
1629119884,P,987.97021484375
1629119884,T,24.91156473795573
1629119885,PM10,6.4
1629119885,PM25,13.3
1629119885,S,331.0
1629120655,H,49.84221649169922
1629120655,P,987.73583984375
1629120655,T,25.357852952745226
1629120656,PM10,6.0
1629120656,PM25,11.0
1629120656,S,330.0
1629121040,H,49.759727478027344
1629121040,P,987.715576171875
1629121040,T,25.090076463487414
1629121041,PM10,6.1
1629121041,PM25,11.7
1629121041,S,330.0
1629119113,H,48.950111389160156
1629119113,P,988.040283203125
1629119113,T,25.687854241265192
1629119114,PM10,5.9
1629119114,PM25,11.3
1629119114,S,316.0
1629120269,H,49.335060119628906
1629120269,P,987.7802734375
1629120269,T,25.030570576985674
1629120270,PM10,5.9
1629120270,PM25,9.5
1629120270,S,332.0
1629119498,H,49.047874450683594
1629119498,P,987.96728515625
1629119498,T,25.150947740342886
1629119499,PM10,6.3
1629119499,PM25,11.8
1629119499,S,327.0
1629119884,H,49.19452667236328
1629119884,P,987.97021484375
1629119884,T,24.91156473795573
1629119885,PM10,6.4
1629119885,PM25,13.3
1629119885,S,331.0
1629120655,H,49.84221649169922
1629120655,P,987.73583984375
1629120655,T,25.357852952745226
1629120656,PM10,6.0
1629120656,PM25,11.0
1629120656,S,330.0
1629121040,H,49.759727478027344
1629121040,P,987.715576171875
1629121040,T,25.090076463487414
1629121041,PM10,6.1
1629121041,PM25,11.7
1629121041,S,330.0
1629121811,H,49.83610534667969
1629121811,P,987.5439453125
1629121811,T,24.910199347601996
1629121813,PM10,6.0
1629121813,PM25,10.0
1629121813,S,332.0
1629122197,H,50.807640075683594
1629122197,P,987.55419921875
1629122197,T,25.090076463487414
1629122198,PM10,6.1
1629122198,PM25,12.0
1629122198,S,332.0
1629121426,H,50.2332763671875
1629121426,P,987.62158203125
1629121426,T,25.14958234998915
1629121427,PM10,6.0
1629121427,PM25,9.2
1629121427,S,333.0
1629122583,H,51.10398864746094
1629122583,P,987.472900390625
1629122583,T,25.328100009494356
1629122584,PM10,6.0
1629122584,PM25,9.8
1629122584,S,335.0
1629122968,H,51.638641357421875
1629122968,P,987.4287109375
1629122968,T,25.595870564778643
1629122969,PM10,6.0
1629122969,PM25,11.1
1629122969,S,340.0
1629121811,H,49.83610534667969
1629121811,P,987.5439453125
1629121811,T,24.910199347601996
1629121813,PM10,6.0
1629121813,PM25,10.0
1629121813,S,332.0
1629122197,H,50.807640075683594
1629122197,P,987.55419921875
1629122197,T,25.090076463487414
1629122198,PM10,6.1
1629122198,PM25,12.0
1629122198,S,332.0
1629122583,H,51.10398864746094
1629122583,P,987.472900390625
1629122583,T,25.328100009494356
1629122584,PM10,6.0
1629122584,PM25,9.8
1629122584,S,335.0
1629122968,H,51.638641357421875
1629122968,P,987.4287109375
1629122968,T,25.595870564778643
1629122969,PM10,6.0
1629122969,PM25,11.1
1629122969,S,340.0
1629123354,H,51.62031173706055
1629123354,P,987.353271484375
1629123354,T,25.506617668999567
1629123355,PM10,5.8
1629123355,PM25,10.0
1629123355,S,337.0
1629123740,H,51.92887878417969
1629123740,P,987.28125
1629123740,T,25.475499335394964
1629123741,PM10,5.8
1629123741,PM25,8.9
1629123741,S,336.0
1629124126,H,52.17634582519531
1629124126,P,987.27001953125
1629124126,T,25.087351616753473
1629124127,PM10,6.1
1629124127,PM25,14.6
1629124127,S,335.0
1629124512,H,51.78834533691406
1629124512,P,987.218994140625
1629124512,T,25.923152940538195
1629124513,PM10,6.5
1629124513,PM25,17.6
1629124513,S,336.0
1629124898,H,51.1253776550293
1629124898,P,987.1396484375
1629124898,T,25.83389411078559
1629124899,PM10,6.4
1629124899,PM25,13.6
1629124899,S,335.0
1629125283,H,51.50727081298828
1629125283,P,987.080078125
1629125283,T,25.625623508029513
1629125284,PM10,6.4
1629125284,PM25,11.8
1629125284,S,335.0
1629125669,H,51.314796447753906
1629125669,P,987.091064453125
1629125669,T,25.415993448893232
1629125670,PM10,6.7
1629125670,PM25,13.9
1629125670,S,334.0
1629126054,H,52.67127990722656
1629126054,P,986.9677734375
1629126054,T,25.536370612250433
1629126055,PM10,6.7
1629126055,PM25,12.7
1629126055,S,336.0
1629126440,H,49.930816650390625
1629126440,P,986.955322265625
1629126440,T,25.536370612250433
1629126441,PM10,6.2
1629126441,PM25,11.9
1629126441,S,335.0
1629126826,H,47.923583984375
1629126826,P,986.994384765625
1629126826,T,25.567483011881514
1629126827,PM10,6.2
1629126827,PM25,12.3
1629126827,S,334.0
1629127212,H,46.94593811035156
1629127212,P,987.00048828125
1629127212,T,25.2997065226237
1629127213,PM10,5.6
1629127213,PM25,9.3
1629127213,S,333.0
1629127597,H,48.067176818847656
1629127597,P,986.97265625
1629127597,T,24.91156473795573
1629127598,PM10,6.4
1629127598,PM25,12.4
1629127598,S,330.0
1629127983,H,49.24034881591797
1629127983,P,986.97216796875
1629127983,T,25.238841179741755
1629127984,PM10,5.7
1629127984,PM25,9.6
1629127984,S,331.0
1629128369,H,49.73528289794922
1629128369,P,986.946533203125
1629128369,T,25.328100009494356
1629128370,PM10,6.2
1629128370,PM25,9.4
1629128370,S,328.0
1629128755,H,49.982749938964844
1629128755,P,986.9609375
1629128755,T,25.714882337782118
1629128756,PM10,6.2
1629128756,PM25,11.7
1629128756,S,329.0
1629129141,H,50.679325103759766
1629129141,P,986.87158203125
1629129141,T,25.326734619140627
1629129142,PM10,6.3
1629129142,PM25,8.2
1629129142,S,327.0
1629129526,H,45.360313415527344
1629129526,P,986.80908203125
1629129526,T,25.386240505642363
1629129527,PM10,6.2
1629129527,PM25,8.5
1629129527,S,327.0
1629130297,H,46.466278076171875
1629130297,P,986.8251953125
1629130297,T,25.567483011881514
1629130299,PM10,8.4
1629130299,PM25,17.4
1629130299,S,325.0
1629130683,H,45.94995880126953
1629130683,P,986.944580078125
1629130683,T,25.238841179741755
1629130685,PM10,7.9
1629130685,PM25,14.6
1629130685,S,324.0
1629129912,H,47.077308654785156
1629129912,P,986.7646484375
1629129912,T,25.298347066243487
1629129913,PM10,8.4
1629129913,PM25,19.0
1629129913,S,328.0
1629130297,H,46.466278076171875
1629130297,P,986.8251953125
1629130297,T,25.567483011881514
1629130299,PM10,8.4
1629130299,PM25,17.4
1629130299,S,325.0
1629130683,H,45.94995880126953
1629130683,P,986.944580078125
1629130683,T,25.238841179741755
1629130685,PM10,7.9
1629130685,PM25,14.6
1629130685,S,324.0
1629131455,H,45.155616760253906
1629131455,P,987.055908203125
1629131455,T,25.2997065226237
1629131456,PM10,7.8
1629131456,PM25,14.7
1629131456,S,324.0
1629131841,H,44.682071685791016
1629131841,P,987.083984375
1629131841,T,25.03193596733941
1629131842,PM10,7.4
1629131842,PM25,13.5
1629131842,S,322.0
1629131069,H,45.05174255371094
1629131069,P,987.09619140625
1629131069,T,25.210453626844618
1629131070,PM10,8.0
1629131070,PM25,14.5
1629131070,S,324.0
1629132612,H,43.75941467285156
1629132612,P,986.988037109375
1629132612,T,24.82502482096354
1629132613,PM10,6.9
1629132613,PM25,11.1
1629132613,S,319.0
1629132998,H,43.57305145263672
1629132998,P,986.9814453125
1629132998,T,24.884530707465277
1629132999,PM10,7.0
1629132999,PM25,13.5
1629132999,S,316.0
1629132226,H,44.67901611328125
1629132226,P,987.034423828125
1629132226,T,25.122554253472224
1629132227,PM10,7.4
1629132228,PM25,12.8
1629132228,S,320.0
1629131455,H,45.155616760253906
1629131455,P,987.055908203125
1629131455,T,25.2997065226237
1629131456,PM10,7.8
1629131456,PM25,14.7
1629131456,S,324.0
1629131841,H,44.682071685791016
1629131841,P,987.083984375
1629131841,T,25.03193596733941
1629131842,PM10,7.4
1629131842,PM25,13.5
1629131842,S,322.0
1629132612,H,43.75941467285156
1629132612,P,986.988037109375
1629132612,T,24.82502482096354
1629132613,PM10,6.9
1629132613,PM25,11.1
1629132613,S,319.0
1629132998,H,43.57305145263672
1629132998,P,986.9814453125
1629132998,T,24.884530707465277
1629132999,PM10,7.0
1629132999,PM25,13.5
1629132999,S,316.0
1629133384,H,42.867313385009766
1629133384,P,986.9892578125
1629133384,T,24.82502482096354
1629133385,PM10,7.2
1629133385,PM25,11.9
1629133385,S,315.0
1629133770,H,42.23489761352539
1629133770,P,986.96142578125
1629133770,T,24.378736606174044
1629133771,PM10,7.1
1629133771,PM25,12.1
1629133771,S,314.0
1629132226,H,44.67901611328125
1629132226,P,987.034423828125
1629132226,T,25.122554253472224
1629132227,PM10,7.4
1629132228,PM25,12.8
1629132228,S,320.0
1629134156,H,42.92841720581055
1629134156,P,986.932373046875
1629134156,T,24.378736606174044
1629134157,PM10,7.1
1629134157,PM25,12.6
1629134157,S,312.0
1629132612,H,43.75941467285156
1629132612,P,986.988037109375
1629132612,T,24.82502482096354
1629132613,PM10,6.9
1629132613,PM25,11.1
1629132613,S,319.0
1629132998,H,43.57305145263672
1629132998,P,986.9814453125
1629132998,T,24.884530707465277
1629132999,PM10,7.0
1629132999,PM25,13.5
1629132999,S,316.0
1629133384,H,42.867313385009766
1629133384,P,986.9892578125
1629133384,T,24.82502482096354
1629133385,PM10,7.2
1629133385,PM25,11.9
1629133385,S,315.0
1629133770,H,42.23489761352539
1629133770,P,986.96142578125
1629133770,T,24.378736606174044
1629133771,PM10,7.1
1629133771,PM25,12.1
1629133771,S,314.0
1629134156,H,42.92841720581055
1629134156,P,986.932373046875
1629134156,T,24.378736606174044
1629134157,PM10,7.1
1629134157,PM25,12.6
1629134157,S,312.0
1629134542,H,43.09645080566406
1629134542,P,986.96728515625
1629134542,T,24.438242492675784
1629134543,PM10,7.0
1629134543,PM25,11.7
1629134543,S,313.0
1629134927,H,42.341827392578125
1629134927,P,986.90966796875
1629134927,T,24.229971889919703
1629134928,PM10,6.8
1629134928,PM25,10.3
1629134928,S,312.0
1629135313,H,41.97826385498047
1629135313,P,986.8828125
1629135313,T,24.58836666531033
1629135314,PM10,6.5
1629135314,PM25,11.3
1629135314,S,310.0
1629135698,H,41.58720779418945
1629135698,P,986.77783203125
1629135698,T,24.290843166775172
1629135699,PM10,6.8
1629135699,PM25,10.3
1629135699,S,309.0
1629136084,H,41.4344482421875
1629136084,P,986.864013671875
1629136084,T,24.88725555419922
1629136085,PM10,6.6
1629136085,PM25,8.5
1629136085,S,306.0
1629136469,H,40.81731033325195
1629136469,P,986.997802734375
1629136469,T,24.261090223524306
1629136470,PM10,6.6
1629136470,PM25,9.1
1629136470,S,308.0
1629138059,H,46.15159606933594
1629138059,P,987.24658203125
1629138059,T,22.831595425075953
1629138060,PM10,6.8
1629138060,PM25,13.3
1629138060,S,303.0
1629138360,H,46.1546516418457
1629138360,P,987.257568359375
1629138360,T,22.861348368326823
1629138361,PM10,7.0
1629138361,PM25,12.5
1629138361,S,304.0
1629138662,H,46.99176025390625
1629138662,P,987.332763671875
1629138662,T,23.18862481011285
1629138663,PM10,7.3
1629138663,PM25,12.1
1629138663,S,301.0
1629138963,H,47.50197219848633
1629138963,P,987.489990234375
1629138963,T,23.18862481011285
1629138964,PM10,7.5
1629138964,PM25,12.6
1629138964,S,302.0
1629139264,H,48.47962188720703
1629139264,P,987.673095703125
1629139264,T,23.42664835611979
1629139265,PM10,7.8
1629139265,PM25,11.7
1629139265,S,301.0
1629139565,H,48.940948486328125
1629139565,P,987.7529296875
1629139565,T,23.515907185872393
1629139566,PM10,7.3
1629139566,PM25,13.0
1629139566,S,302.0
1629140468,H,50.48685073852539
1629140468,P,988.053466796875
1629140468,T,23.45640129937066
1629140469,PM10,7.7
1629140469,PM25,9.9
1629140469,S,301.0
1629140769,H,50.83208465576172
1629140769,P,988.203125
1629140769,T,23.515907185872393
1629140770,PM10,8.3
1629140770,PM25,15.2
1629140770,S,304.0
1629139866,H,49.53364562988281
1629139866,P,987.866943359375
1629139866,T,23.27788363986545
1629139867,PM10,7.5
1629139867,PM25,10.6
1629139867,S,300.0
1629140167,H,49.79638671875
1629140167,P,987.8935546875
1629140167,T,23.42664835611979
1629140168,PM10,7.9
1629140168,PM25,10.8
1629140168,S,300.0
1629140468,H,50.48685073852539
1629140468,P,988.053466796875
1629140468,T,23.45640129937066
1629140469,PM10,7.7
1629140469,PM25,9.9
1629140469,S,301.0
1629140769,H,50.83208465576172
1629140769,P,988.203125
1629140769,T,23.515907185872393
1629140770,PM10,8.3
1629140770,PM25,15.2
1629140770,S,304.0
1629142877,H,52.07552719116211
1629142877,P,988.860595703125
1629142877,T,23.813436618381076
1629142878,PM10,8.9
1629142878,PM25,12.0
1629142878,S,315.0
1629143179,H,52.74155044555664
1629143179,P,989.052490234375
1629143179,T,23.693065388997397
1629143180,PM10,9.7
1629143180,PM25,13.4
1629143180,S,316.0
1629142275,H,52.06330871582031
1629142275,P,988.819091796875
1629142275,T,23.783683675130206
1629142276,PM10,8.7
1629142276,PM25,12.8
1629142276,S,313.0
1629142576,H,52.14579772949219
1629142576,P,988.812744140625
1629142576,T,23.872942504882815
1629142577,PM10,8.9
1629142577,PM25,12.3
1629142577,S,314.0
1629141673,H,51.779178619384766
1629141673,P,988.472412109375
1629141673,T,23.664671902126734
1629141674,PM10,8.8
1629141674,PM25,11.5
1629141674,S,310.0
1629141974,H,51.574485778808594
1629141974,P,988.659912109375
1629141974,T,23.843189561631945
1629141975,PM10,9.0
1629141975,PM25,12.6
1629141975,S,312.0
1629142877,H,52.07552719116211
1629142877,P,988.860595703125
1629142877,T,23.813436618381076
1629142878,PM10,8.9
1629142878,PM25,12.0
1629142878,S,315.0
1629143179,H,52.74155044555664
1629143179,P,989.052490234375
1629143179,T,23.693065388997397
1629143180,PM10,9.7
1629143180,PM25,13.4
1629143180,S,316.0
1629144082,H,51.54393005371094
1629144082,P,989.2607421875
1629144082,T,23.962201334635417
1629144083,PM10,9.2
1629144083,PM25,11.2
1629144083,S,320.0
1629144383,H,50.33715057373047
1629144383,P,989.41796875
1629144383,T,24.05146016438802
1629144384,PM10,9.6
1629144384,PM25,12.9
1629144384,S,319.0
1629144684,H,49.435882568359375
1629144684,P,989.497314453125
1629144684,T,23.605166015625002
1629144685,PM10,9.2
1629144685,PM25,13.1
1629144685,S,320.0
1629144985,H,48.30853271484375
1629144985,P,989.517578125
1629144985,T,23.45640129937066
1629144986,PM10,9.1
1629144986,PM25,14.5
1629144986,S,319.0
1629147093,H,43.23393249511719
1629147093,P,990.009521484375
1629147093,T,23.102096761067706
1629147094,PM10,7.9
1629147094,PM25,9.8
1629147094,S,313.0
1629147394,H,42.83981704711914
1629147394,P,990.05126953125
1629147394,T,22.386666666666663
1629147395,PM10,7.6
1629147395,PM25,9.3
1629147395,S,311.0
1629146491,H,44.09853744506836
1629146491,P,989.925048828125
1629146491,T,23.726902635362414
1629146492,PM10,8.2
1629146492,PM25,9.2
1629146492,S,315.0
1629146792,H,43.59443664550781
1629146792,P,989.963134765625
1629146792,T,22.62332482231988
1629146793,PM10,8.3
1629146793,PM25,10.3
1629146793,S,314.0
1629145889,H,45.806365966796875
1629145889,P,989.729248046875
1629145889,T,23.548384975857203
1629145890,PM10,8.6
1629145890,PM25,11.9
1629145890,S,317.0
1629146190,H,44.651519775390625
1629146190,P,989.794677734375
1629146190,T,23.18999020046658
1629146191,PM10,8.6
1629146191,PM25,11.2
1629146191,S,316.0
1629145286,H,47.20867919921875
1629145286,P,989.58984375
1629145286,T,23.27788363986545
1629145287,PM10,8.6
1629145287,PM25,11.0
1629145287,S,319.0
1629145588,H,46.47850036621094
1629145588,P,989.732666015625
1629145588,T,23.367142469618056
1629145589,PM10,8.6
1629145589,PM25,10.3
1629145589,S,320.0
1629147093,H,43.23393249511719
1629147093,P,990.009521484375
1629147093,T,23.102096761067706
1629147094,PM10,7.9
1629147094,PM25,9.8
1629147094,S,313.0
1629147394,H,42.83981704711914
1629147394,P,990.05126953125
1629147394,T,22.386666666666663
1629147395,PM10,7.6
1629147395,PM25,9.3
1629147395,S,311.0
1629149502,H,41.93549346923828
1629149502,P,990.459228515625
1629149502,T,22.09050262451172
1629149503,PM10,7.1
1629149503,PM25,7.9
1629149503,S,308.0
1629149803,H,41.55054473876953
1629149803,P,990.574951171875
1629149803,T,22.09050262451172
1629149804,PM10,7.4
1629149804,PM25,8.2
1629149804,S,306.0
1629148900,H,42.286834716796875
1629148900,P,990.468505859375
1629148900,T,22.32852023654514
1629148901,PM10,7.8
1629148901,PM25,8.7
1629148901,S,308.0
1629149201,H,41.877445220947266
1629149201,P,990.4208984375
1629149201,T,22.150008511013453
1629149202,PM10,7.6
1629149202,PM25,9.3
1629149202,S,307.0
1629148298,H,42.42431640625
1629148298,P,990.5224609375
1629148298,T,22.14864312065972
1629148299,PM10,7.7
1629148299,PM25,8.5
1629148299,S,311.0
1629148599,H,42.24406433105469
1629148599,P,990.49658203125
1629148599,T,22.56654378255208
1629148600,PM10,7.9
1629148600,PM25,9.7
1629148600,S,308.0
1629147695,H,43.252262115478516
1629147695,P,990.464111328125
1629147695,T,22.47592549641927
1629147696,PM10,7.9
1629147696,PM25,8.8
1629147696,S,312.0
1629147997,H,42.68095016479492
1629147997,P,990.454345703125
1629147997,T,22.417779066297744
1629147998,PM10,7.7
1629147998,PM25,9.2
1629147998,S,312.0
1629149502,H,41.93549346923828
1629149502,P,990.459228515625
1629149502,T,22.09050262451172
1629149503,PM10,7.1
1629149503,PM25,7.9
1629149503,S,308.0
1629149803,H,41.55054473876953
1629149803,P,990.574951171875
1629149803,T,22.09050262451172
1629149804,PM10,7.4
1629149804,PM25,8.2
1629149804,S,306.0
1629148900,H,42.286834716796875
1629148900,P,990.468505859375
1629148900,T,22.32852023654514
1629148901,PM10,7.8
1629148901,PM25,8.7
1629148901,S,308.0
1629149201,H,41.877445220947266
1629149201,P,990.4208984375
1629149201,T,22.150008511013453
1629149202,PM10,7.6
1629149202,PM25,9.3
1629149202,S,307.0
1629148298,H,42.42431640625
1629148298,P,990.5224609375
1629148298,T,22.14864312065972
1629148299,PM10,7.7
1629148299,PM25,8.5
1629148299,S,311.0
1629148599,H,42.24406433105469
1629148599,P,990.49658203125
1629148599,T,22.56654378255208
1629148600,PM10,7.9
1629148600,PM25,9.7
1629148600,S,308.0
1629149502,H,41.93549346923828
1629149502,P,990.459228515625
1629149502,T,22.09050262451172
1629149503,PM10,7.1
1629149503,PM25,7.9
1629149503,S,308.0
1629149803,H,41.55054473876953
1629149803,P,990.574951171875
1629149803,T,22.09050262451172
1629149804,PM10,7.4
1629149804,PM25,8.2
1629149804,S,306.0
1629148900,H,42.286834716796875
1629148900,P,990.468505859375
1629148900,T,22.32852023654514
1629148901,PM10,7.8
1629148901,PM25,8.7
1629148901,S,308.0
1629149201,H,41.877445220947266
1629149201,P,990.4208984375
1629149201,T,22.150008511013453
1629149202,PM10,7.6
1629149202,PM25,9.3
1629149202,S,307.0
1629150707,H,41.578041076660156
1629150707,P,990.768310546875
1629150707,T,22.06074968126085
1629150708,PM10,7.6
1629150708,PM25,9.9
1629150708,S,306.0
1629151008,H,40.64622116088867
1629151008,P,990.82275390625
1629151008,T,21.852479078504775
1629151009,PM10,7.6
1629151009,PM25,9.7
1629151009,S,307.0
1629150104,H,41.455833435058594
1629150104,P,990.739013671875
1629150104,T,21.644214409722224
1629150105,PM10,7.6
1629150105,PM25,9.2
1629150105,S,305.0
1629150406,H,41.7521858215332
1629150406,P,990.805419921875
1629150406,T,21.972856241861976
1629150407,PM10,7.4
1629150407,PM25,9.9
1629150407,S,307.0
1629150707,H,41.578041076660156
1629150707,P,990.768310546875
1629150707,T,22.06074968126085
1629150708,PM10,7.6
1629150708,PM25,9.9
1629150708,S,306.0
1629151008,H,40.64622116088867
1629151008,P,990.82275390625
1629151008,T,21.852479078504775
1629151009,PM10,7.6
1629151009,PM25,9.7
1629151009,S,307.0
